fips,pop_2015
01001,54838
01003,202863
01005,26264
01007,22561
01009,57590
01011,10419
01013,20141
01015,115505
01017,33968
01019,25741
01021,43706
01023,13231
01025,24708
01027,13414
01029,14922
01031,50974
01033,54358
01035,12678
01037,10923
01039,37550
01041,13851
01043,81721
01045,49344
01047,40939
01049,71198
01051,80912
01053,37667
01055,102942
01057,16688
01059,31467
01061,26639
01063,8510
01065,15018
01067,17102
01069,104249
01071,52207
01073,660087
01075,13931
01077,92422
01079,33137
01081,156740
01083,91633
01085,10345
01087,19304
01089,352740
01091,19757
01093,30116
01095,94577
01097,414588
01099,21720
01101,227002
01103,119199
01105,9653
01107,20776
01109,33372
01111,22588
01113,58847
01115,86758
01117,208877
01119,13174
01121,81047
01123,40617
01125,204473
01127,64939
01129,16812
01131,10901
01133,23918
02013,3346
02016,5818
02020,298018
02050,17951
02060,904
02068,1931
02070,4993
02090,99643
02100,2516
02105,2159
02110,32612
02122,58067
02130,13680
02150,13753
02158,8200
02164,1595
02170,101064
02180,9869
02185,9780
02188,7752
02195,3263
02198,6505
02220,8786
02230,1086
02240,6807
02261,9327
02275,2456
02282,635
02290,5463
04001,70979
04003,126084
04005,138682
04007,52935
04009,37786
04011,9549
04012,20342
04013,4154076
04015,204524
04017,107543
04019,1005323
04021,404069
04023,46191
04025,220621
04027,203558
05001,18350
05003,20837
05005,41118
05007,251016
05009,37091
05011,10998
05013,5201
05015,27751
05017,10957
05019,22506
05021,15197
05023,25358
05025,8284
05027,24089
05029,20912
05031,104297
05033,61877
05035,49040
05037,17240
05039,7529
05041,12029
05043,18617
05045,121113
05047,17739
05049,12121
05051,97734
05053,18016
05055,44301
05057,22103
05059,33478
05061,13375
05063,37010
05065,13480
05067,17376
05069,71822
05071,26126
05073,7016
05075,16700
05077,9679
05079,13877
05081,12420
05083,21713
05085,71268
05087,15696
05089,16209
05091,43919
05093,43717
05095,7453
05097,9022
05099,8515
05101,7860
05103,24312
05105,10299
05107,19562
05109,10830
05111,24010
05113,20203
05115,63559
05117,8301
05119,393107
05121,17417
05123,26636
05125,116304
05127,10544
05129,7828
05131,127387
05133,17250
05135,16817
05137,12380
05139,40073
05141,16769
05143,223851
05145,78835
05147,6718
05149,21482
06001,1637141
06003,1088
06005,37047
06007,224818
06009,44954
06011,21341
06013,1126027
06015,27253
06017,184865
06019,972333
06021,27841
06023,135219
06025,179839
06027,18197
06029,879607
06031,150482
06033,64310
06035,31393
06037,10123248
06039,154423
06041,261718
06043,17649
06045,87318
06047,267406
06049,9050
06051,13954
06053,432774
06055,141507
06057,98715
06059,3160576
06061,373469
06063,18525
06065,2352080
06067,1496130
06069,58364
06071,2120794
06073,3290044
06075,866320
06077,723846
06079,280402
06081,766779
06083,443927
06085,1919220
06087,274299
06089,178472
06091,2994
06093,43351
06095,434751
06097,502096
06099,535000
06101,95524
06103,63128
06105,13092
06107,458601
06109,53589
06111,848925
06113,212428
06115,74201
08001,489822
08003,16305
08005,628834
08007,12382
08009,3552
08011,5893
08013,317968
08014,64796
08015,18582
08017,1811
08019,9233
08021,8061
08023,3569
08025,5597
08027,4439
08029,29902
08031,681618
08033,1980
08035,321484
08037,53664
08039,24553
08041,672453
08043,46204
08045,57691
08047,5791
08049,14685
08051,16166
08053,764
08055,6400
08057,1351
08059,564365
08061,1384
08063,8202
08065,7444
08067,54552
08069,332840
08071,14021
08073,5548
08075,21968
08077,148116
08079,743
08081,12940
08083,25697
08085,40534
08087,28145
08089,18212
08091,4589
08093,16715
08095,4315
08097,17862
08099,11953
08101,163043
08103,6515
08105,11338
08107,24310
08109,6239
08111,688
08113,7785
08115,2370
08117,29852
08119,23377
08121,4787
08123,284382
08125,10064
09001,948116
09003,897626
09005,184349
09007,163698
09009,861594
09011,270266
09013,151717
09015,116496
10001,173332
10003,555587
10005,215188
11001,672736
12001,259525
12003,27364
12005,181184
12007,26744
12009,566822
12011,1891684
12013,14414
12015,172824
12017,140443
12019,202529
12021,357194
12023,68255
12027,35475
12029,16351
12031,911626
12033,309529
12035,104739
12037,11684
12039,46119
12041,17164
12043,13130
12045,15940
12047,14272
12049,27257
12051,39094
12053,177883
12055,99891
12057,1350904
12059,19284
12061,147629
12063,48627
12065,14099
12067,8655
12069,325699
12071,700421
12073,286211
12075,39610
12077,8404
12079,18472
12081,363059
12083,342757
12085,155721
12086,2705982
12087,77003
12089,77891
12091,197709
12093,39807
12095,1292008
12097,324189
12099,1428378
12101,495648
12103,949321
12105,649644
12107,71957
12109,226576
12111,297929
12113,166365
12115,405148
12117,449132
12119,117210
12121,43678
12123,22358
12125,15284
12127,517512
12129,31518
12131,63087
12133,24545
13001,18450
13003,8375
13005,11287
13007,3201
13009,45518
13011,18382
13013,75067
13015,102176
13017,17323
13019,18988
13021,154057
13023,12717
13025,18393
13027,15668
13029,34798
13031,73233
13033,22642
13035,23489
13037,6552
13039,52462
13043,10903
13045,114491
13047,65821
13049,13190
13051,286819
13053,11075
13055,24896
13057,235424
13059,123875
13061,3072
13063,273675
13065,6850
13067,742023
13069,43099
13071,45665
13073,144007
13075,17097
13077,138227
13079,12393
13081,22962
13083,16157
13085,23317
13087,27083
13089,737418
13091,21141
13093,14034
13095,91569
13097,140466
13099,10449
13101,4059
13103,57047
13105,19306
13107,22464
13109,10707
13111,24418
13113,110286
13115,96243
13117,211384
13119,22280
13121,1008841
13123,29607
13125,3020
13127,83594
13129,56387
13131,25117
13133,16688
13135,892137
13137,43819
13139,192506
13141,8587
13143,28701
13145,33165
13147,25453
13149,11552
13151,216827
13153,149685
13155,9159
13157,63375
13159,13717
13161,15015
13163,15935
13165,8869
13167,9734
13169,28447
13171,18236
13173,10277
13175,47431
13177,29197
13179,61524
13181,7721
13183,17861
13185,113424
13187,31350
13189,21462
13191,14033
13193,13719
13195,28384
13197,8576
13199,21186
13201,5848
13205,22437
13207,26705
13209,8901
13211,17951
13213,39494
13215,198882
13217,104958
13219,35840
13221,14725
13223,151771
13225,26962
13227,30181
13229,19123
13231,17922
13233,41372
13235,11397
13237,21356
13239,2281
13241,16252
13243,7221
13245,201597
13247,88687
13249,5190
13251,14057
13253,8562
13255,63828
13257,25485
13259,5867
13261,30696
13263,6474
13265,1645
13267,25383
13269,8242
13271,16493
13273,9018
13275,44950
13277,40626
13279,27215
13281,11143
13283,6798
13285,69527
13287,7981
13289,8317
13291,22010
13293,26240
13295,68499
13297,88393
13299,35427
13301,5379
13303,20740
13305,29441
13307,2632
13309,7898
13311,28397
13313,104029
13315,8899
13317,9918
13319,9082
13321,20701
15001,196740
15003,993716
15005,88
15007,71387
15009,164389
16001,432768
16003,3889
16005,83992
16007,5876
16009,8988
16011,45026
16013,21507
16015,6960
16017,41565
16019,109804
16021,11264
16023,2565
16025,1071
16027,206621
16029,6753
16031,23460
16033,874
16035,8486
16037,4063
16039,25790
16041,12970
16043,12792
16045,16682
16047,15157
16049,16262
16051,27095
16053,22870
16055,149414
16057,38661
16059,7734
16061,3780
16063,5283
16065,37877
16067,20372
16069,39976
16071,4250
16073,11279
16075,22784
16077,7649
16079,12433
16081,10671
16083,82059
16085,10043
16087,9909
17001,67014
17003,6759
17005,16929
17007,53584
17009,6800
17011,33468
17013,4862
17015,14645
17017,12845
17019,208354
17021,33470
17023,15865
17025,13395
17027,37654
17029,52570
17031,5245831
17033,19257
17035,10872
17037,104407
17039,16187
17041,19852
17043,933115
17045,17554
17047,6508
17049,34196
17051,22049
17053,13522
17055,39397
17057,35721
17059,5221
17061,13336
17063,50345
17065,8246
17067,18217
17069,4156
17071,6994
17073,49645
17075,28534
17077,59289
17079,9633
17081,38300
17083,22193
17085,22064
17087,12876
17089,529995
17091,110756
17093,122892
17095,51313
17097,704945
17099,111077
17101,16495
17103,34544
17105,36668
17107,29412
17109,31670
17111,307960
17113,172718
17115,107419
17117,45846
17119,265994
17121,38341
17123,11918
17125,13859
17127,14565
17129,12356
17131,15747
17133,33724
17135,29230
17137,34542
17139,14733
17141,51598
17143,186520
17145,21422
17147,16352
17149,15918
17151,4353
17153,5656
17155,5727
17157,32822
17159,15967
17161,146249
17163,264217
17165,24498
17167,198634
17169,7160
17171,5109
17173,21829
17175,5506
17177,45670
17179,134393
17181,17283
17183,79187
17185,11599
17187,17370
17189,14258
17191,16526
17193,14202
17195,56945
17197,686920
17199,67607
17201,287141
17203,38963
18001,34954
18003,367630
18005,81286
18007,8692
18009,12224
18011,63037
18013,14994
18015,19889
18017,38168
18019,114927
18021,26389
18023,32411
18025,10555
18027,32818
18029,49452
18031,26380
18033,42452
18035,115811
18037,42327
18039,203401
18041,23391
18043,76519
18045,16537
18047,22913
18049,20329
18051,33622
18053,67519
18055,32399
18057,308774
18059,72398
18061,39521
18063,157709
18065,48664
18067,82314
18069,36518
18071,43902
18073,33481
18075,21141
18077,32313
18079,27822
18081,148935
18083,37759
18085,78794
18087,38638
18089,488316
18091,110825
18093,45577
18095,129390
18097,940235
18099,46761
18101,10215
18103,36012
18105,144225
18107,38298
18109,69551
18111,13984
18113,47543
18115,5882
18117,19622
18119,20831
18121,16978
18123,19303
18125,12458
18127,167430
18129,25609
18131,12800
18133,37500
18135,25111
18137,28388
18139,16709
18141,268356
18143,23658
18145,44349
18147,20641
18149,22855
18151,34514
18153,20878
18155,10614
18157,186076
18159,15235
18161,7200
18163,181917
18165,15594
18167,107473
18169,31870
18171,8271
18173,61548
18175,27777
18177,66949
18179,27835
18181,24280
18183,33444
19001,7141
19003,3753
19005,13852
19007,12570
19009,5712
19011,25611
19013,133435
19015,26439
19017,24761
19019,21109
19021,20302
19023,14880
19025,9790
19027,20420
19029,13349
19031,18300
19033,42923
19035,11485
19037,12123
19039,9227
19041,16508
19043,17715
19045,47545
19047,17031
19049,80491
19051,8777
19053,8123
19055,17371
19057,39870
19059,16990
19061,96813
19063,9672
19065,20139
19067,15895
19069,10326
19071,6913
19073,8951
19075,12406
19077,10644
19079,15232
19081,11023
19083,17252
19085,14144
19087,19823
19089,9315
19091,9544
19093,6962
19095,16275
19097,19357
19099,36729
19101,17927
19103,144527
19105,20402
19107,10168
19109,15153
19111,34895
19113,219971
19115,11256
19117,8599
19119,11748
19121,15713
19123,22308
19125,33109
19127,40346
19129,14882
19131,10671
19133,8863
19135,7925
19137,10149
19139,42964
19141,13919
19143,6159
19145,15447
19147,9138
19149,24898
19151,6962
19153,467252
19155,93532
19157,18381
19159,4974
19161,9966
19163,171724
19165,11794
19167,34687
19169,96348
19171,17204
19173,6263
19175,12425
19177,7297
19179,35433
19181,48466
19183,22128
19185,6355
19187,37015
19189,10578
19191,20732
19193,102455
19195,7507
19197,12840
20001,12657
20003,7817
20005,16414
20007,4828
20009,27163
20011,14736
20013,9704
20015,66250
20017,2654
20019,3389
20021,20517
20023,2673
20025,2081
20027,8294
20029,9185
20031,8293
20033,1825
20035,35690
20037,39032
20039,2925
20041,19203
20043,7786
20045,117866
20047,2950
20049,2571
20051,28929
20053,6305
20055,37191
20057,34578
20059,25461
20061,36682
20063,2703
20065,2592
20067,7727
20069,6050
20071,1299
20073,6233
20075,2561
20077,5783
20079,34783
20081,4092
20083,1866
20085,13284
20087,18814
20089,2966
20091,578920
20093,3934
20095,7628
20097,2566
20099,20632
20101,1630
20103,79010
20105,3142
20107,9580
20109,2781
20111,33119
20113,28615
20115,12044
20117,9839
20119,4293
20121,32751
20123,6286
20125,33384
20127,5624
20129,2952
20131,10081
20133,16262
20135,3010
20137,5539
20139,15859
20141,3642
20143,5934
20145,6771
20147,5415
20149,23121
20151,9685
20153,2504
20155,63488
20157,4681
20159,9925
20161,76659
20163,5180
20165,3099
20167,7045
20169,55491
20171,4989
20173,510715
20175,23174
20177,178515
20179,2475
20181,5960
20183,3690
20185,4220
20187,2066
20189,5786
20191,23406
20193,7875
20195,2906
20197,6873
20199,1506
20201,5569
20203,2160
20205,8852
20207,3145
20209,163384
21001,19298
21003,20662
21005,21865
21007,8217
21009,43549
21011,12194
21013,27379
21015,127793
21017,20093
21019,48507
21021,29714
21023,8278
21025,13361
21027,19971
21029,78707
21031,12723
21033,12747
21035,38642
21037,91906
21039,4860
21041,10654
21043,27436
21045,15737
21047,73095
21049,35666
21051,20990
21053,10177
21055,9170
21057,6748
21059,99364
21061,11986
21063,7548
21065,14370
21067,315055
21069,14588
21071,37529
21073,50008
21075,6269
21077,8591
21079,17219
21081,24734
21083,37165
21085,26130
21087,10970
21089,35982
21091,8645
21093,106224
21095,27507
21097,18636
21099,18404
21101,46365
21103,15566
21105,4608
21107,46067
21109,13330
21111,764341
21113,51788
21115,23137
21117,164084
21119,15657
21121,31404
21123,14122
21125,59870
21127,15862
21129,6740
21131,10646
21133,23055
21135,13586
21137,24360
21139,9295
21141,26737
21143,8310
21145,64976
21147,17868
21149,9399
21151,88156
21153,12779
21155,19191
21157,31045
21159,12297
21161,17036
21163,27749
21165,6367
21167,21370
21169,9908
21171,10617
21173,27569
21175,13262
21177,31248
21179,45103
21181,7058
21183,24027
21185,64496
21187,10724
21189,4447
21191,14475
21193,27357
21195,61803
21197,12236
21199,63827
21201,2135
21203,16933
21205,24604
21207,17657
21209,52120
21211,45752
21213,17874
21215,17984
21217,25601
21219,12420
21221,14228
21223,8744
21225,14966
21227,123737
21229,12008
21231,20607
21233,13162
21235,36092
21237,7244
21239,25806
22001,62696
22003,25630
22005,119376
22007,22895
22009,41042
22011,36526
22013,13830
22015,125722
22017,251577
22019,198542
22021,10052
22023,6815
22025,10038
22027,16266
22029,20227
22031,27111
22033,446496
22035,7275
22037,19545
22039,33734
22041,20379
22043,22279
22045,73833
22047,33152
22049,15946
22051,436888
22053,31428
22055,239665
22057,98363
22059,14984
22061,47634
22063,137564
22065,11552
22067,26309
22069,39003
22071,390711
22073,156911
22075,23450
22077,22204
22079,131993
22081,8715
22083,20550
22085,24229
22087,45439
22089,52647
22091,10455
22093,21486
22095,43585
22097,83625
22099,53868
22101,52920
22103,249320
22105,128735
22107,4774
22109,113928
22111,22499
22113,59979
22115,51497
22117,46389
22119,40076
22121,25570
22123,11282
22125,15357
22127,14643
23001,107104
23003,68824
23005,289361
23007,30072
23009,54304
23011,120983
23013,39675
23015,33770
23017,57068
23019,151934
23021,16935
23023,35113
23025,50745
23027,39134
23029,31747
23031,201018
24001,72498
24003,564390
24005,829379
24009,90495
24011,32620
24013,167136
24015,102452
24017,155793
24019,32411
24021,245482
24023,29416
24025,249661
24027,312400
24029,19696
24031,1039370
24033,908282
24035,49039
24037,111100
24039,25692
24041,37507
24043,149198
24045,102058
24047,51455
24510,623031
25001,213773
25003,127628
25005,557239
25007,17277
25009,777438
25011,70803
25013,469832
25015,160864
25017,1584914
25019,10901
25021,694475
25023,509193
25025,781326
25027,818339
26001,10332
26003,9246
26005,114085
26007,28705
26009,23035
26011,15297
26013,8575
26015,59389
26017,105244
26019,17391
26021,154802
26023,43604
26025,134154
26027,51295
26029,26155
26031,25392
26033,37965
26035,30608
26037,76967
26039,13850
26041,36412
26043,25647
26045,108435
26047,32899
26049,410249
26051,25206
26053,15539
26055,91511
26057,41308
26059,45860
26061,36169
26063,31755
26065,285674
26067,64051
26069,25325
26071,11315
26073,70637
26075,159191
26077,259525
26079,17230
26081,636508
26083,2122
26085,11693
26087,88350
26089,21624
26091,98334
26093,187114
26095,6423
26097,10796
26099,863979
26101,24440
26103,67280
26105,28721
26107,42987
26109,23460
26111,83630
26113,14874
26115,149369
26117,62728
26119,9289
26121,172373
26123,47863
26125,1240999
26127,26287
26129,20883
26131,6037
26133,23167
26135,8282
26137,24188
26139,280439
26141,12796
26143,23914
26145,193097
26147,159742
26149,60785
26151,41454
26153,8127
26155,68458
26157,53717
26159,75013
26161,361815
26163,1762098
26165,32886
27001,15862
27003,344514
27005,33456
27007,45600
27009,39315
27011,4996
27013,65595
27015,25228
27017,35379
27019,98596
27021,28677
27023,12065
27025,54123
27027,62064
27029,8804
27031,5219
27033,11430
27035,63250
27037,414120
27039,20404
27041,36794
27043,13981
27045,20716
27047,30488
27049,46033
27051,5867
27053,1223385
27055,18685
27057,20646
27059,38259
27061,45246
27063,10082
27065,15872
27067,42562
27069,4402
27071,12804
27073,6870
27075,10544
27077,3870
27079,27717
27081,5711
27083,25771
27085,35791
27087,5435
27089,9408
27091,20020
27093,23059
27095,25481
27097,32756
27099,39305
27101,8386
27103,33464
27105,21811
27107,6619
27109,151334
27111,57599
27113,14248
27115,29045
27117,9254
27119,31458
27121,10926
27123,537542
27125,4029
27127,15425
27129,14781
27131,65149
27133,9452
27135,15622
27137,200343
27139,141453
27141,91377
27143,14853
27145,155636
27147,36621
27149,9833
27151,9363
27153,24339
27155,3367
27157,21375
27159,13668
27161,18929
27163,250760
27165,10933
27167,6362
27169,50822
27171,130968
27173,9835
28001,31400
28003,37250
28005,12546
28007,18671
28009,8161
28011,33251
28013,14626
28015,10202
28017,17384
28019,8367
28021,9143
28023,16023
28025,19989
28027,24481
28029,28812
28031,19240
28033,173084
28035,75643
28037,7720
28039,23409
28041,13543
28043,21448
28045,46255
28047,200521
28049,243665
28051,18325
28053,8703
28055,1346
28057,23518
28059,141236
28061,16548
28063,7499
28065,11640
28067,68366
28069,10010
28071,52654
28073,60827
28075,78275
28077,12672
28079,22780
28081,84730
28083,30194
28085,34516
28087,59574
28089,102364
28091,25408
28093,35887
28095,35830
28097,10183
28099,29445
28101,21479
28103,10939
28105,49480
28107,34153
28109,54941
28111,12068
28113,39862
28115,30834
28117,25417
28119,7512
28121,149374
28123,28392
28125,4563
28127,27140
28129,16077
28131,18035
28133,26902
28135,14591
28137,28379
28139,21991
28141,19467
28143,10260
28145,28265
28147,14590
28149,47510
28151,47952
28153,20486
28155,9869
28157,9085
28159,18447
28161,12462
28163,27411
29001,25339
29003,17311
29005,5304
29007,25941
29009,35325
29011,11835
29013,16367
29015,18782
29017,12321
29019,174395
29021,89223
29023,42840
29025,9011
29027,44704
29029,44781
29031,78151
29033,8882
29035,6276
29037,101390
29039,13788
29041,7591
29043,83085
29045,6801
29047,235253
29049,20572
29051,76857
29053,17605
29055,24485
29057,7575
29059,16343
29061,8282
29063,12544
29065,15621
29067,13353
29069,30825
29071,102284
29073,14745
29075,6653
29077,287250
29079,10004
29081,8622
29083,21710
29085,9269
29087,4483
29089,10139
29091,40073
29093,10211
29095,687182
29097,118569
29099,223106
29101,53643
29103,3907
29105,35442
29107,32626
29109,37993
29111,10135
29113,54611
29115,12281
29117,14933
29119,22699
29121,15280
29123,12183
29125,8968
29127,28688
29129,3660
29131,24869
29133,13943
29135,15877
29137,8633
29139,11586
29141,20058
29143,18090
29145,58164
29147,22629
29149,10848
29151,13520
29153,9347
29155,17428
29157,19078
29159,42305
29161,44799
29163,18400
29165,96405
29167,31279
29169,53292
29171,4861
29173,10161
29175,25030
29177,22770
29179,6297
29181,13784
29183,385038
29185,9408
29186,17815
29187,66242
29189,1001127
29195,23035
29197,4492
29199,4814
29201,38982
29203,8279
29205,6101
29207,29734
29209,31315
29211,6369
29213,54301
29215,25662
29217,20631
29219,33479
29221,24784
29223,13416
29225,37527
29227,2044
29229,18228
29510,316257
30001,9288
30003,13277
30005,6618
30007,5715
30009,10389
30011,1147
30013,81829
30015,5767
30017,12069
30019,1748
30021,9558
30023,9108
30025,3170
30027,11285
30029,95738
30031,100334
30033,1284
30035,13622
30037,818
30039,3164
30041,16423
30043,11553
30045,1931
30047,29416
30049,66138
30051,2393
30053,19014
30055,1699
30057,7922
30059,1819
30061,4184
30063,113780
30065,4617
30067,15963
30069,480
30071,4141
30073,6084
30075,1767
30077,6793
30079,1137
30081,41131
30083,11894
30085,11405
30087,9339
30089,11286
30091,3652
30093,34488
30095,9422
30097,3619
30099,6050
30101,5076
30103,685
30105,7608
30107,2084
30109,1072
30111,156324
31001,31549
31003,6419
31005,452
31007,715
31009,477
31011,5317
31013,11327
31015,2002
31017,2982
31019,48743
31021,6535
31023,8057
31025,25398
31027,8514
31029,3987
31031,5817
31033,10138
31035,6291
31037,10707
31039,9109
31041,10835
31043,20644
31045,8965
31047,23971
31049,1911
31051,5765
31053,36505
31055,549919
31057,1774
31059,5554
31061,2979
31063,2631
31065,4832
31067,21690
31069,1916
31071,2015
31073,2025
31075,646
31077,2434
31079,61300
31081,9142
31083,3454
31085,914
31087,2886
31089,10279
31091,714
31093,6382
31095,7212
31097,5224
31099,6559
31101,8136
31103,798
31105,3715
31107,8473
31109,306500
31111,35499
31113,791
31115,606
31117,490
31119,34975
31121,7802
31123,4935
31125,3575
31127,6999
31129,4316
31131,15872
31133,2690
31135,2938
31137,9222
31139,7195
31141,32864
31143,5174
31145,10884
31147,8020
31149,1417
31151,14249
31153,175190
31155,20963
31157,36305
31159,16981
31161,5215
31163,3036
31165,1276
31167,5943
31169,5130
31171,693
31173,7073
31175,4152
31177,20277
31179,9403
31181,3591
31183,778
31185,13810
32001,24024
32003,2110330
32005,47501
32007,51849
32009,829
32011,2030
32013,17072
32015,5909
32017,5138
32019,52032
32021,4443
32023,43052
32027,6629
32029,3872
32031,444358
32033,9866
32510,54123
33001,60248
33003,47320
33005,76036
33007,32322
33009,88831
33011,406009
33013,147843
33015,302156
33017,126253
33019,43116
34001,273088
34003,938255
34005,448844
34007,510809
34009,94421
34011,155261
34013,800206
34015,291651
34017,679907
34019,125747
34021,373104
34023,838332
34025,627418
34027,498538
34029,588707
34031,510927
34033,63730
34035,333399
34037,143302
34039,557073
34041,107282
35001,674100
35003,3480
35005,65554
35006,26976
35007,12425
35009,50068
35011,1868
35013,213165
35015,57479
35017,28325
35019,4352
35021,723
35023,4433
35025,70985
35027,19276
35028,17725
35029,24281
35031,73386
35033,4613
35035,64178
35037,8423
35039,39287
35041,19064
35043,138327
35045,128125
35047,28144
35049,147276
35051,11233
35053,17076
35055,32698
35057,15482
35059,4157
35061,75580
36001,308598
36003,47372
36005,1460412
36007,196292
36009,78006
36011,78319
36013,130756
36015,87030
36017,48799
36019,81032
36021,61549
36023,48294
36025,45948
36027,295309
36029,924122
36031,38196
36033,50609
36035,53853
36037,58591
36039,47649
36041,4704
36043,62688
36045,116301
36047,2643546
36049,26836
36051,64514
36053,71718
36055,748504
36057,49556
36059,1362858
36061,1657183
36063,212540
36065,232014
36067,468233
36069,109431
36071,377544
36073,41512
36075,119899
36077,60676
36079,99473
36081,2346005
36083,159850
36085,475313
36087,325655
36089,110803
36091,226551
36093,155089
36095,31463
36097,18020
36099,34811
36101,97495
36103,1498947
36105,75136
36107,49323
36109,104283
36111,179952
36113,64448
36115,62253
36117,91359
36119,976103
36121,40957
36123,25065
37001,157389
37003,37058
37005,10869
37007,25594
37009,26727
37011,17440
37013,47389
37015,20188
37017,34211
37019,122297
37021,252149
37023,88644
37025,196315
37027,81537
37029,10289
37031,68729
37033,22851
37035,155805
37037,68418
37039,27132
37041,14284
37043,10668
37045,96868
37047,56686
37049,103015
37051,331752
37053,25135
37055,35441
37057,163690
37059,41677
37061,59093
37063,301174
37065,53770
37067,367922
37069,63659
37071,213182
37073,11533
37075,8594
37077,58252
37079,21002
37081,517722
37083,52230
37085,128205
37087,59661
37089,111975
37091,24287
37093,52802
37095,5437
37097,169564
37099,41338
37101,185357
37103,9796
37105,59476
37107,58126
37109,80504
37111,45049
37113,34113
37115,21167
37117,23230
37119,1034442
37121,15101
37123,27519
37125,94040
37127,93929
37129,219685
37131,20556
37133,193088
37135,141563
37137,12753
37139,39385
37141,57512
37143,13464
37145,39191
37147,176237
37149,20412
37151,142685
37153,45436
37155,134562
37157,91733
37159,138576
37161,66373
37163,63673
37165,35319
37167,60685
37169,46153
37171,72029
37173,14334
37175,33198
37177,4138
37179,222247
37181,44433
37183,1023859
37185,20206
37187,12293
37189,53108
37191,124454
37193,68320
37195,81393
37197,37659
37199,17559
38001,2393
38003,11023
38005,6815
38007,948
38009,6729
38011,3280
38013,2343
38015,93156
38017,170923
38019,3816
38021,5052
38023,2454
38025,4577
38027,2302
38029,3405
38031,3330
38033,1879
38035,70361
38037,2398
38039,2286
38041,2655
38043,2446
38045,4134
38047,1929
38049,5976
38051,2715
38053,12795
38055,9669
38057,8786
38059,30190
38061,10307
38063,2926
38065,1863
38067,7037
38069,4270
38071,11646
38073,5450
38075,2549
38077,16319
38079,14687
38081,3866
38083,1310
38085,4374
38087,782
38089,31850
38091,1916
38093,21005
38095,2249
38097,7989
38099,10872
38101,71430
38103,4096
38105,35301
39001,27914
39003,104093
39005,53224
39007,98396
39009,65793
39011,45749
39013,68943
39015,43703
39017,375569
39019,27716
39021,38941
39023,135624
39025,201867
39027,41822
39029,104632
39031,36579
39033,42277
39035,1257957
39037,51956
39039,38276
39041,193179
39043,75310
39045,151197
39047,28583
39049,1253674
39051,42283
39053,30083
39055,93895
39057,164047
39059,39385
39061,808405
39063,75493
39065,31613
39067,15393
39069,27472
39071,42939
39073,28491
39075,43868
39077,58277
39079,32564
39081,67471
39083,60916
39085,229571
39087,60921
39089,170425
39091,45260
39093,305291
39095,433315
39097,44095
39099,231764
39101,65379
39103,176128
39105,23187
39107,40706
39109,103953
39111,14266
39113,531293
39115,14746
39117,34950
39119,86119
39121,14456
39123,40758
39125,18955
39127,35958
39129,56975
39131,28245
39133,162260
39135,41266
39137,34011
39139,121641
39141,77068
39143,59454
39145,76805
39147,55569
39149,48967
39151,374719
39153,541270
39155,203336
39157,92673
39159,54254
39161,28289
39163,13082
39165,223735
39167,60952
39169,116055
39171,36997
39173,129183
39175,22156
40001,22109
40003,5901
40005,13875
40007,5435
40009,23563
40011,9739
40013,44971
40015,29418
40017,133118
40019,48500
40021,48312
40023,14983
40025,2202
40027,273549
40029,5592
40031,123487
40033,5993
40035,14708
40037,70717
40039,29418
40041,41632
40043,4961
40045,4215
40047,63163
40049,27888
40051,54581
40053,4483
40055,6029
40057,2758
40059,3842
40061,12694
40063,13574
40065,25404
40067,6265
40069,10968
40071,45282
40073,15553
40075,9103
40077,10599
40079,49766
40081,34930
40083,45334
40085,9794
40087,37963
40089,33074
40091,19808
40093,7745
40095,16254
40097,40878
40099,13835
40101,69317
40103,11526
40105,10504
40107,12103
40109,776643
40111,39075
40113,47330
40115,31805
40117,16442
40119,80726
40121,44701
40123,38331
40125,71460
40127,11142
40129,3774
40131,90049
40133,25394
40135,41363
40137,44574
40139,21379
40141,7578
40143,639892
40145,76703
40147,51968
40149,11751
40151,9283
40153,21575
41001,15867
41003,88106
41005,399825
41007,37783
41009,49648
41011,62662
41013,21469
41015,22283
41017,174288
41019,107152
41021,1867
41023,7209
41025,7147
41027,22955
41029,211868
41031,22582
41033,84422
41035,65777
41037,7759
41039,361721
41041,47051
41043,120210
41045,30204
41047,329335
41049,11117
41051,790305
41053,78991
41055,1694
41057,25616
41059,76481
41061,25676
41063,6810
41065,25500
41067,572414
41069,1326
41071,101417
42001,101637
42003,1230052
42005,66638
42007,168526
42009,48789
42011,415261
42013,124818
42015,61539
42017,626209
42019,185891
42021,135854
42023,4765
42025,63758
42027,160553
42029,515226
42031,38821
42033,80651
42035,39367
42037,66688
42039,86701
42041,246244
42043,273176
42045,563705
42047,30788
42049,278111
42051,133290
42053,7357
42055,152903
42057,14621
42059,37336
42061,45640
42063,86867
42065,44240
42067,24376
42069,211781
42071,536534
42073,88317
42075,137540
42077,360505
42079,318013
42081,115580
42083,42247
42085,113746
42087,46427
42089,166835
42091,817869
42093,18262
42095,300466
42097,93020
42099,45881
42101,1570507
42103,55535
42105,17030
42107,143885
42109,40745
42111,75553
42113,6237
42115,41763
42117,41534
42119,45536
42121,52966
42123,40374
42125,207747
42127,51713
42129,356995
42131,27761
42133,441822
44001,49096
44003,163740
44005,83419
44007,633519
44009,126142
45001,24802
45003,165550
45005,9420
45007,193921
45009,14711
45011,21773
45013,179896
45015,202358
45017,14757
45019,389329
45021,56516
45023,32390
45025,46185
45027,33992
45029,37467
45031,67588
45033,31183
45035,153374
45037,26709
45039,22878
45041,138719
45043,61310
45045,490816
45047,69907
45049,20031
45051,309205
45053,27605
45055,63626
45057,86255
45059,66434
45061,17811
45063,281582
45065,9662
45067,31747
45069,27579
45071,37841
45073,75812
45075,89115
45077,121336
45079,406101
45081,20203
45083,296801
45085,107276
45087,27731
45089,32479
45091,250640
46003,2742
46005,18160
46007,3401
46009,6946
46011,33808
46013,38505
46015,5240
46017,2097
46019,10208
46021,1414
46023,9361
46025,3644
46027,13790
46029,27887
46031,4176
46033,8450
46035,19720
46037,5501
46039,4305
46041,5698
46043,2952
46045,3997
46047,6798
46049,2306
46051,7091
46053,4191
46055,1849
46057,5933
46059,3299
46061,3386
46063,1269
46065,17554
46067,7268
46069,1388
46071,3282
46073,2020
46075,918
46077,4954
46079,12340
46081,24796
46083,52993
46085,3881
46087,5468
46089,2398
46091,4766
46093,26800
46095,2026
46097,2210
46099,183880
46101,6467
46102,14364
46103,108107
46105,2975
46107,2297
46109,10211
46111,2345
46115,6457
46117,2975
46119,1406
46121,9993
46123,5420
46125,8128
46127,14872
46129,5432
46135,22682
46137,2839
47001,75459
47003,46892
47005,16192
47007,14483
47009,126832
47011,103802
47013,39687
47015,13754
47017,27953
47019,56366
47021,39571
47023,17083
47025,31517
47027,7683
47029,35068
47031,54094
47033,14578
47035,58122
47037,681285
47039,11600
47041,19274
47043,51327
47045,37782
47047,39218
47049,17860
47051,41324
47053,49196
47055,28950
47057,22851
47059,68500
47061,13334
47063,63384
47065,353748
47067,6579
47069,25783
47071,25741
47073,56242
47075,17973
47077,27964
47079,32145
47081,24366
47083,8122
47085,18146
47087,11523
47089,52987
47091,17835
47093,451321
47095,7574
47097,26940
47099,42449
47101,11883
47103,33554
47105,50852
47107,52439
47109,25860
47111,23120
47113,97523
47115,28376
47117,31543
47119,87390
47121,11785
47123,45693
47125,192542
47127,6256
47129,21487
47131,30559
47133,22067
47135,7848
47137,5126
47139,16763
47141,75098
47143,32320
47145,52748
47147,68429
47149,297920
47151,21881
47153,14631
47155,95502
47157,937885
47159,19228
47161,13198
47163,156318
47165,175193
47167,61525
47169,8040
47171,17779
47173,19161
47175,5692
47177,40206
47179,126072
47181,16677
47183,33846
47185,26362
47187,211456
47189,128434
48001,57641
48003,18092
48005,87901
48007,24834
48009,8755
48011,1902
48013,48349
48015,29447
48017,7199
48019,21146
48021,80198
48023,3649
48025,32609
48027,336094
48029,1894811
48031,11038
48033,656
48035,17863
48037,93400
48039,345738
48041,215891
48043,9132
48045,1513
48047,7238
48049,37709
48051,17559
48053,44781
48055,40377
48057,21881
48059,13580
48061,419579
48063,12663
48065,6007
48067,30143
48069,7801
48071,39059
48073,51573
48075,7040
48077,10353
48079,2961
48081,3225
48083,8315
48085,914578
48087,3010
48089,20910
48091,128653
48093,13368
48095,4140
48097,39063
48099,76231
48101,1438
48103,5007
48105,3732
48107,5916
48109,2251
48111,7264
48113,2554233
48115,12984
48117,18802
48119,5157
48121,779572
48123,20630
48125,2202
48127,10981
48129,3396
48131,11343
48133,18161
48135,159835
48137,1910
48139,163285
48141,832890
48143,41221
48145,17230
48147,33476
48149,24967
48151,3871
48153,5846
48155,1228
48157,713881
48159,10593
48161,19712
48163,19260
48165,20213
48167,321305
48169,6369
48171,25959
48173,1369
48175,7510
48177,20538
48179,23245
48181,125549
48183,123851
48185,27330
48187,150585
48189,34099
48191,3092
48193,8070
48195,5609
48197,3912
48199,55758
48201,4551362
48203,66760
48205,5674
48207,5817
48209,194497
48211,4292
48213,79447
48215,840113
48217,34845
48219,23315
48221,55330
48223,35959
48225,22736
48227,37134
48229,3436
48231,89674
48233,21781
48235,1543
48237,8839
48239,14792
48241,35250
48243,2204
48245,254889
48247,5284
48249,41469
48251,159390
48253,19983
48255,15247
48257,114161
48259,39968
48261,433
48263,747
48265,50753
48267,4392
48269,284
48271,3593
48273,31398
48275,3792
48277,49367
48279,13269
48281,20416
48283,7644
48285,19916
48287,16883
48289,17031
48291,79542
48293,23441
48295,3557
48297,12158
48299,20057
48301,119
48303,298463
48305,5746
48307,8253
48309,245368
48311,829
48313,13936
48315,10127
48317,5676
48319,4043
48321,36762
48323,57658
48325,48380
48327,2131
48329,162012
48331,24380
48333,4887
48335,8856
48337,19280
48339,535214
48341,21880
48343,12391
48345,1146
48347,65464
48349,48170
48351,14169
48353,15041
48355,360437
48357,10697
48359,2064
48361,83928
48363,27956
48365,23660
48367,125568
48369,9800
48371,16017
48373,46614
48375,121129
48377,7054
48379,11129
48381,130406
48383,3809
48385,3297
48387,12363
48389,14906
48391,7320
48393,910
48395,16688
48397,90121
48399,10356
48401,52930
48403,10447
48405,8340
48407,27361
48409,67084
48411,5917
48413,3193
48415,17588
48417,3345
48419,25503
48421,3060
48423,222410
48425,8613
48427,63512
48429,9383
48431,1331
48433,1399
48435,3896
48437,7481
48439,1983642
48441,135915
48443,864
48445,12755
48447,1559
48449,32720
48451,117598
48453,1178292
48455,14507
48457,21364
48459,40381
48461,3650
48463,26925
48465,48906
48467,53410
48469,92082
48471,70718
48473,48639
48475,11639
48477,34869
48479,269795
48481,41379
48483,5668
48485,130871
48487,13049
48489,21882
48491,507420
48493,47162
48495,7995
48497,62864
48499,43220
48501,8623
48503,18146
48505,14516
48507,12296
49001,6344
49003,51821
49005,119748
49007,20366
49009,1106
49011,334834
49013,20766
49015,10356
49017,4978
49019,9547
49021,48139
49023,10545
49025,7046
49027,12628
49029,11030
49031,1492
49033,2298
49035,1104372
49037,15238
49039,28686
49041,20857
49043,39599
49045,62641
49047,37776
49049,573038
49051,29273
49053,154731
49055,2684
49057,242978
50001,36808
50003,36088
50005,30634
50007,161010
50009,6195
50011,48933
50013,6869
50015,25195
50017,28885
50019,27008
50021,59566
50023,58617
50025,43219
50027,55428
51001,32911
51003,105218
51005,15429
51007,12784
51009,31638
51011,15468
51013,228969
51015,74301
51017,4460
51019,77562
51021,6535
51023,33340
51025,16502
51027,22687
51029,17022
51031,55258
51033,29898
51035,29822
51036,7038
51037,12176
51041,335251
51043,14255
51045,5139
51047,49513
51049,9746
51051,15206
51053,27849
51057,11078
51059,1142197
51061,68445
51063,15547
51065,26122
51067,56231
51069,83512
51071,16773
51073,36999
51075,22159
51077,15953
51079,19190
51081,11731
51083,35070
51085,103045
51087,324732
51089,51936
51091,2196
51093,36171
51095,72838
51097,7082
51099,25395
51101,16281
51103,10836
51105,24547
51107,374697
51109,34618
51111,12330
51113,13034
51115,8849
51117,30951
51119,10678
51121,97485
51125,14790
51127,20382
51131,12084
51133,12247
51135,15604
51137,35209
51139,23649
51141,17946
51143,61987
51145,28045
51147,23100
51149,38168
51153,451247
51155,34340
51157,7384
51159,8795
51161,93296
51163,22376
51165,78450
51167,27826
51169,22256
51171,42864
51173,31413
51175,18129
51177,130032
51179,140891
51181,6670
51183,11689
51185,42898
51187,38891
51191,54308
51193,17553
51195,39540
51197,29101
51199,67821
51510,154132
51520,17058
51530,6543
51540,46476
51550,235192
51570,17496
51580,5655
51590,41910
51595,5529
51600,23404
51610,13881
51620,8329
51630,27985
51640,6806
51650,136296
51660,52869
51670,22233
51678,7117
51680,79146
51683,41542
51685,16026
51690,13282
51700,181083
51710,246352
51720,4027
51730,32034
51735,12013
51740,96241
51750,17319
51760,220943
51770,99823
51775,25449
51790,24192
51800,88103
51810,450864
51820,21502
51830,14866
51840,27383
53001,19201
53003,22133
53005,190170
53007,75168
53009,73133
53011,457195
53013,3966
53015,103020
53017,40494
53019,7521
53021,88810
53023,2231
53025,93380
53027,71065
53029,79999
53031,30350
53033,2117696
53035,259175
53037,43091
53039,21008
53041,75419
53043,10286
53045,60984
53047,41334
53049,20855
53051,13064
53053,841466
53055,16187
53057,121414
53059,11377
53061,769444
53063,488899
53065,43596
53067,268148
53069,4017
53071,59889
53073,211713
53075,47914
53077,248006
54001,16970
54003,111497
54005,23241
54007,14366
54009,23200
54011,96462
54013,7465
54015,8876
54017,8696
54019,44687
54021,8287
54023,11666
54025,35541
54027,23318
54029,29950
54031,13764
54033,68514
54035,29164
54037,55911
54039,188119
54041,16422
54043,21292
54045,34419
54047,19704
54049,56690
54051,32184
54053,27047
54055,61038
54057,27366
54059,25278
54061,103940
54063,13574
54065,17433
54067,25510
54069,42950
54071,7103
54073,7503
54075,8571
54077,33805
54079,56606
54081,77335
54083,29165
54085,10086
54087,14372
54089,13130
54091,16923
54093,7087
54095,8935
54097,24695
54099,41187
54101,8648
54103,15793
54105,5805
54107,86304
54109,22173
55001,20032
55003,15805
55005,45368
55007,14980
55009,257875
55011,13265
55013,15130
55015,49834
55017,63423
55019,34390
55021,56646
55023,16328
55025,522074
55027,87865
55029,27307
55031,43475
55033,44219
55035,102032
55037,4346
55039,101916
55041,8999
55043,52057
55045,36922
55047,18703
55049,23572
55051,5719
55053,20520
55055,84525
55057,26301
55059,167882
55061,20336
55063,117669
55065,16800
55067,19038
55069,27863
55071,79457
55073,135394
55075,40639
55077,15119
55078,4510
55079,958859
55081,45276
55083,37476
55085,35293
55087,183297
55089,87801
55091,7240
55093,41020
55095,43233
55097,70309
55099,13580
55101,194763
55103,17547
55105,161059
55107,14109
55109,87157
55111,63292
55113,16297
55115,41053
55117,115261
55119,20297
55121,29504
55123,30313
55125,21415
55127,102592
55129,15512
55131,133874
55133,395842
55135,51684
55137,23981
55139,169157
55141,73316
56001,38036
56003,11956
56005,49293
56007,15645
56009,14312
56011,7432
56013,40237
56015,13566
56017,4717
56019,8616
56021,97005
56023,18736
56025,82134
56027,2496
56029,29110
56031,8797
56033,29940
56035,10056
56037,44732
56039,23029
56041,20780
56043,8296
56045,7181
